[{
    "title": "【火影忍者】最强的力量，排名前五名，肯定是本身超级强大的",
    "url":"http://m.hxnews.com/news/dmyx/dmzx/dhxw/201705/02/1208620.shtml"
}, {
    "title": "火影十大未解之谜这些秘密或许只有作者知道了，火影忍者动漫已完结动漫中有些地方直到完结了都没有给大家交代出来",
    "url":"http://game.21cn.com/news/a/2015/0328/16/29299615.shtml"
}, {
    "title": "火影忍者博人传第13集更新啦！本集算是高潮来临前的过渡，不过依旧交代了一些东西，一起来看看小编的分析吧。",
    "url":"http://www.hxnews.com/news/dmyx/dmzx/dhxw/201706/22/1241930.shtml"
},{
    "title": "【火影忍者】最强的力量，排名前五名，肯定是本身超级强大的",
    "url":"http://m.hxnews.com/news/dmyx/dmzx/dhxw/201705/02/1208620.shtml"
}, {
    "title": "火影十大未解之谜这些秘密或许只有作者知道了，火影忍者动漫已完结动漫中有些地方直到完结了都没有给大家交代出来",
    "url":"http://game.21cn.com/news/a/2015/0328/16/29299615.shtml"
}, {
    "title": "火影忍者博人传第13集更新啦！本集算是高潮来临前的过渡，不过依旧交代了一些东西，一起来看看小编的分析吧。",
    "url":"http://www.hxnews.com/news/dmyx/dmzx/dhxw/201706/22/1241930.shtml"
},{
    "title": "【火影忍者】最强的力量，排名前五名，肯定是本身超级强大的",
    "url":"http://m.hxnews.com/news/dmyx/dmzx/dhxw/201705/02/1208620.shtml"
}, {
    "title": "火影十大未解之谜这些秘密或许只有作者知道了，火影忍者动漫已完结动漫中有些地方直到完结了都没有给大家交代出来",
    "url":"http://game.21cn.com/news/a/2015/0328/16/29299615.shtml"
}, {
    "title": "火影忍者博人传第13集更新啦！本集算是高潮来临前的过渡，不过依旧交代了一些东西，一起来看看小编的分析吧。",
    "url":"http://www.hxnews.com/news/dmyx/dmzx/dhxw/201706/22/1241930.shtml"
},{
    "title": "【火影忍者】最强的力量，排名前五名，肯定是本身超级强大的",
    "url":"http://m.hxnews.com/news/dmyx/dmzx/dhxw/201705/02/1208620.shtml"
}]